ML091380474	99901373/2009-201
ML102870167	99901395/2010-201
ML110550458	
ML112411266	99901392/2011-201
ML112440676	99900105/2011-201
ML112500226	99901387/2011-202
ML11300A148	99901408/2011-201
ML12041A379	99901401/2011-202
ML12132A040	05200025/2012-002;05200026/2012-002
ML12158A154	99900080/2012-201
ML12279A119	99901401/2012-201
ML12291A375	99900060/2012-201
ML12306A385	99901377/2012-201
ML12320A661	99901416/2012-201
ML13116A324	05200027/2013002;05200028/2013002
ML13119A154	99901369/2013-201
ML13164A351	99900265/2013-201
ML13200A220	99901428/2013-201
ML13210A327	05200027/2013003;05200028/2013003
ML13263A411	99901432/2013-201
ML13302B397	99900080/2013-201
ML13304A907	05200027/2013004;05200028/2013004
ML13312A316	05200025/2013-004;05200026/2013-004
ML13337A164	
ML14017A101	05200027/2013005;05200028/2013005
ML14058A705	99901435/2013-201
ML14072A315	99901425/2014-201
ML14073A652	99901431/2014-201
ML14113A410	99901425/2014-201
ML14119A251	05200027/2014002;05200028/2014002
ML14155A399	99901438/2014-201
ML14160A718	
ML14178A113	
ML14187A533	
ML14218A414	05200027/2014003;05200028/2014003
ML14255A017	
ML14260A350	99901373/2014-201
ML14303A481	05200025/2014014;05200026/2014014
ML14308A027	99901439/2014-202
ML14308A463	99901448/2014-201;99901449/2014-201
ML14311A666	05200025/2014004;05200026/2014004
ML14314A851	05200027/2014004;05200028/2014004
ML14328A138	99901392/2014-201
ML14352A127	99901425/2014-202
ML15037A406	05200025/2014004;05200025/2014005;05200026/2014004
ML15037A445	05200027/2014005;05200028/2014005
ML15069A077	
ML15120A400	05200027/2015001;05200028/2015001
ML15124A857	05200025/2015001;05200026/2015001
ML15132A142	99901394/2015-201
ML15223B074	05200025/2015002;05200026/2015002
ML15223B361	05200027/2015002;05200028/2015002
ML15301A424	05200025/2015003;05200026/2015003
ML15309A177	05200027/2015003;05200028/2015003
ML15364A548	05200025/2015008;05200026/2015008
ML16032A554	05200025/2015004;05200026/2015004
ML16035A439	05200027/2015004;05200028/2015004
ML16132A557	05200025/2016001;05200026/2016001
ML16134A092	05200027/2016001;05200028/2016001
ML16137A095	99901237/2016-201
ML16145A514	99901379/2016-201
ML16160A176	99901468/2016-201
ML16190A021	
ML16210A448	05200025/2016002;05200026/2016002
ML16221A081	05200027/2016002;05200028/2016002
ML16228A086	99901444/2016-201
ML16238A509	99901470/2016-202
ML16273A144	99901054/2016-201
ML16280A303	99900404/2011-201;99900404/2016-203
ML16307A159	99900404/2015-202;99900404/2016-204
ML16312A506	05200025/2016003;05200026/2016003
ML16315A269	05200027/2016003;05200028/2016003
ML16350A067	99901383/2016-201
ML17044A404	05200027/2016004;05200028/2016004
ML17044A539	05200025/2016004;05200026/2016004
ML17104A205	99900060/2017-202
ML17132A345	05200025/2017001;05200026/2017001
ML17132A351	05200027/2017001;05200028/2017001
ML17156A386	99900404/2015-202;99900404/2016-204;99901416/2016-201
ML17181A238	99901480/2017-201
ML17226A034	05200025/2017002;05200026/2017002
ML17226A074	05200027/2017002;05200028/2017002
ML17226A340	99901448/2014-201;99901448/2017-201;99901449/2014-201
ML17254A117	99901444/2017-201
ML17257A407	05200027/2017003;05200028/2017003
ML17263B207	05200025/2017007;05200026/2017007
ML17317A527	05200025/2017003;05200026/2017003
ML17355A050	99901433/2017-201
ML18045A476	05200025/2017004;05200026/2017004
ML18152B785	99901404/2011-201
ML18176A395	99900404/2015-202;99900404/2016-204;99900404/2018-201
ML22059A049	05200025/2020004;05200026/2020004
ML22214A007	05200025/2020004;05200025/2022001;05200026/2020004
ML24095A209	
ML24177A154	99901373/2024-201
