component_or_package,supplier_name,manufacturing_location,other_locations,origin,evidence_quote,source_doc,source_url,confidence
Ultra-heavy forgings (reactor vessel / steam generator),Japan Steel Works,"Muroran, Japan",,Foreign,"all expected heavy forgings have been successfully transported from Japan Steel Works located in Muroran, Japan to Doosan Heavy Industries located in Changwon, South Korea","Fourth Semi-Annual Vogtle Construction Monitoring Report (VCM 4), Feb 2011",https://psc.ga.gov/search/facts-document/?documentId=134428,high
Heavy forgings (early shipments),Japan Steel Works,"Muroran, Japan",,Foreign,"As of February 19, 2010, all expected heavy forgings have been transported from Japan Steel Works to Doosan","Second Semi-Annual Construction Monitoring Report (VCM 2), Mar 2010",https://psc.ga.gov/search/facts-document/?documentId=126564,high
Reactor vessel (Units 3 & 4),Doosan Heavy Industries,"Changwon, South Korea",,Foreign,"At the Doosan facility in South Korea, fabrication activities of the reactor vessel and steam generator are ongoing","Seventh Semi-Annual Vogtle Construction Monitoring Report (VCM 7), Aug 2012",https://psc.ga.gov/search/facts-document/?documentId=143954,high
Steam generators (Units 3 & 4),Doosan Heavy Industries,"Changwon, South Korea",,Foreign,Fabrication of both Unit 3 steam generators is complete and all quality documentation has been reviewed... Both fabrication and hydrostatic testing of the Unit 4 steam generators are complete,"Twelfth Semi-Annual Vogtle Construction Monitoring Report (VCM 12), Feb 2015",https://psc.ga.gov/search/facts-document/?documentId=157249,high
Reactor vessel heavy forgings (Unit 4),Doosan Heavy Industries,"Changwon, South Korea",,Foreign,The following forgings for Unit 4 were produced by Doosan,"Fourth Semi-Annual Vogtle Construction Monitoring Report (VCM 4), Feb 2011",https://psc.ga.gov/search/facts-document/?documentId=134428,high
Pressurizer (Units 3 & 4),Mangiarotti (Mangiarotti Nucleare S.p.A.),Italy,Forgings for Mangiarotti 'transported to various locations in Italy' (VCM 4),Foreign,"The Unit 3 pressurizer has completed testing, received final coatings, and was shipped from Mangiarotti in July 2014","Eleventh Semi-Annual Vogtle Construction Monitoring Report (VCM 11), Aug 2014",https://psc.ga.gov/search/facts-document/?documentId=154916,high
Accumulator tanks (Units 3 & 4),Mangiarotti,Italy,,Foreign,Fabrication of both Unit 3 accumulator tanks was completed by Mangiarotti along with successful hydrostatic testing during the Reporting Period,"Eighth Semi-Annual Vogtle Construction Monitoring Report (VCM 8), Feb 2013",https://psc.ga.gov/search/facts-document/?documentId=146550,high
Core makeup tanks (Units 3 & 4),Mangiarotti,Italy,,Foreign,Both Unit 4 core makeup tanks have been modified at Mangiarotti,"Twelfth Semi-Annual Vogtle Construction Monitoring Report (VCM 12), Feb 2015",https://psc.ga.gov/search/facts-document/?documentId=157249,high
Passive residual heat removal heat exchangers,Mangiarotti,Italy,,Foreign,"fabrication activities of the pressurizer, the accumulator tanks, the passive residual heat removal heat exchanger and core makeup tanks are progressing and meeting construction schedule requirements","Seventh Semi-Annual Vogtle Construction Monitoring Report (VCM 7), Aug 2012",https://psc.ga.gov/search/facts-document/?documentId=143954,high
"Containment vessels (bottom heads, rings; on-site assembly)",Chicago Bridge & Iron (CB&I),"Vogtle 3&4 site, Waynesboro, Georgia (on-site assembly)",Containment vessel plates delivered to site; plate fabricator not named in filing,Domestic,"major construction activities on the Facility site, such as the assembly of containment vessels by Chicago Bridge and Iron (""CB&I"")","Seventh Semi-Annual Vogtle Construction Monitoring Report (VCM 7), Aug 2012",https://psc.ga.gov/search/facts-document/?documentId=143954,high
"Structural/mechanical modules (CA20, CA01, CA02, CA05 sub-modules)",Shaw Modular Solutions / CB&I-Lake Charles,"Lake Charles, Louisiana",Lake Charles-Vogtle extension facility established at Vogtle site for inspection/repair (VCM 9/10),Domestic,"the Shaw Modular Solutions (""SMS"") facility in Lake Charles, Louisiana","Fourth Semi-Annual Vogtle Construction Monitoring Report (VCM 4), Feb 2011",https://psc.ga.gov/search/facts-document/?documentId=134428,high
CA20 structural sub-modules (Unit 4),Oregon Iron Works (OIW),Oregon (facility location not stated in filing),Scope split with CB&I-Lake Charles (VCM 12),Domestic,"structural module fabrication for certain Unit 4 modules has been contracted to Oregon Iron Works, SMCI, IHI, and Toshiba. Oregon Iron Works is currently fabricating structural sub-modules that form CA20","Eleventh Semi-Annual Vogtle Construction Monitoring Report (VCM 11), Aug 2014",https://psc.ga.gov/search/facts-document/?documentId=154916,high
CA01 structural module (Unit 4),IHI,Japan,,Foreign,Structural module CA01 is being fabricated by IHI and Toshiba in Japan and manufacturing of the CA01 sub-modules has begun,"Eleventh Semi-Annual Vogtle Construction Monitoring Report (VCM 11), Aug 2014",https://psc.ga.gov/search/facts-document/?documentId=154916,high
CA01 structural module (Unit 4),Toshiba,Japan,,Foreign,Structural module CA01 is being fabricated by IHI and Toshiba in Japan and manufacturing of the CA01 sub-modules has begun,"Eleventh Semi-Annual Vogtle Construction Monitoring Report (VCM 11), Aug 2014",https://psc.ga.gov/search/facts-document/?documentId=154916,high
CA03 sub-modules (Unit 3); CA03/CA04 (Unit 4); CA20 ledger angles and misc parts,"Specialty Maintenance & Construction, Inc. (SMCI)",Not stated in filing,,Domestic,"Specialty Maintenance & Construction, Incorporated (""SMCI"") is fabricating the CA03 sub-modules and has delivered three of the 17 sub-modules to the site","Eleventh Semi-Annual Vogtle Construction Monitoring Report (VCM 11), Aug 2014",https://psc.ga.gov/search/facts-document/?documentId=154916,medium
"CA04 module (reactor vessel cavity, Unit 3) - on-site fabrication",Contractor (Shaw/CB&I) at Vogtle site,"Vogtle 3&4 site, Waynesboro, Georgia",,Domestic,"The Contractor made the decision to fabricate module CA04, the reactor cavity, on the Vogtle 3 and 4 site","Ninth/Tenth Semi-Annual Vogtle Construction Monitoring Report (VCM 9/10), Feb 2014",https://psc.ga.gov/search/facts-document/?documentId=152164,high
Shield building structural wall panels,Newport News Industrial,"Newport News, Virginia (facility named; city/state not spelled out in filing)",,Domestic,The Newport News Industrial facility is in full production of the shield building structural panels. Production welding began in January 2013 and the first panels were delivered to the Vogtle 3 and 4 site in December 2013,"Ninth/Tenth Semi-Annual Vogtle Construction Monitoring Report (VCM 9/10), Feb 2014",https://psc.ga.gov/search/facts-document/?documentId=152164,high
Reactor coolant pumps,Curtiss-Wright / EMD,"Pennsylvania, USA",,Domestic,The lead reactor coolant pump for the AP1000 design has completed testing successfully in Pennsylvania by Curtiss-Wright,"Seventh Semi-Annual Vogtle Construction Monitoring Report (VCM 7), Aug 2012",https://psc.ga.gov/search/facts-document/?documentId=143954,high
Passive core cooling system squib valves,SPX,Not stated in filing,SPX is a U.S. company; plant location not given in the report,Domestic,"Westinghouse issued an SWO to SPX, the squib valve manufacturer, in April 2011 and the SWO was lifted for manufacturing and procurement activities on May 6, 2011","Fifth Semi-Annual Vogtle Construction Monitoring Report (VCM 5), Aug 2011",https://psc.ga.gov/search/facts-document/?documentId=137969,medium
Reactor coolant loop piping (Unit 3),IBF (sub-supplier to Tioga),Not stated in filing,IBF S.p.A. is an Italian forgemaster; location not stated in the report,Unknown,"Tioga supplier, IBF, is in the final stages of fabrication for the Unit 3 Reactor Coolant Loop piping","Seventh Semi-Annual Vogtle Construction Monitoring Report (VCM 7), Aug 2012",https://psc.ga.gov/search/facts-document/?documentId=143954,low
