module_id,class,description_from_context,building_or_area,weight_or_dimensions,evidence_quote,source_doc,source_url,confidence
CA01,structural,"Steam generator and refueling canal inside-containment composite wall 'super module'; houses steam generators; 47 sub-modules",Containment internal structures,"1046.2 t; >27 m long x 29 m wide x 24 m high (Sanmen 4); >2.3 million lb (INL)","Weighing 1046.2 tonnes and measuring more than 27 metres long, 29 metres wide and 24 metres high, the concrete and steel CA01 module sits inside the unit's containment module where it will house the plant's steam generators","World Nuclear News, Landmark module installation at Sanmen 4, 2023-09-08",https://www.world-nuclear-news.org/Articles/Landmark-module-installation-at-Sanmen-4,high
CA01,structural,"CA01 - Steam Generator and Refueling Canal Module (47 Sub-modules); onsite assembly at Vogtle",Containment internal structures,47 sub-modules,"Module Assembly - CA01 - Steam Generator and Refueling Canal Module (47 Sub-modules)","NRC ADAMS ML14322A365, Supplier Compliance Onsite and Offsite Fabrication slide deck (Vogtle 3&4), 2014",https://www.nrc.gov/docs/ML1432/ML14322A365.pdf,high
CA02,structural,"In-containment refuelling water storage tank (IRWST) super module (with CA03); 5 sub-modules",Containment internal structures,"~12 m tall; >50 t","The CA02 is about 12 metres tall and weighs over 50 tonnes.","World Nuclear News, Final super modules in place at Summer 2, 2016-08-11",https://www.world-nuclear-news.org/Articles/Final-super-modules-in-place-at-Summer-2,high
CA03,structural,"IRWST southwest walls super module; assembled from 17 sub-modules; holds borated water above reactor for emergency core cooling",Containment internal structures,">35 m long x 12 m tall; ~228 t (Summer 2) / ~214 t (Sanmen 3)","The CA03 module - assembled from 17 sub-modules - is over 35 metres long, 12 metres tall and weighs about 228 tonnes.","World Nuclear News, Final super modules in place at Summer 2, 2016-08-11",https://www.world-nuclear-news.org/Articles/Final-super-modules-in-place-at-Summer-2,high
CA04,structural,"Reactor vessel cavity module; five sub-modules fabricated by MetalTek SMCI (Lakeland FL); set on containment vessel bottom head",Containment internal structures,"32 t; >8 m tall; 6.4 m diameter","The 32-tonne CA04 module - also known as the reactor vessel cavity - was placed on the containment vessel bottom head of Summer 3 on 29 June. ... comprises five sub-modules, which were fabricated in Lakeland, Florida by MetalTek International's SMCI division","World Nuclear News, Major module installed at Summer 3, 2015-07-08",https://www.world-nuclear-news.org/Articles/Major-module-installed-at-Summer-3,high
CA05,structural,"Chemical and volume control system tunnel and passive core cooling system walls; reinforced steel plates later filled with concrete",Containment internal structures,~82 t,"The CA05 module, weighing some 82 tonnes, was successfully lowered into place in the centre of the unit's reactor building on 6 December ... forms part of the chemical and volume control system tunnel and passive core cooling system walls","World Nuclear News, Major module installed at Summer AP1000, 2014-12-10",https://www.world-nuclear-news.org/Articles/Major-module-installed-at-Summer-AP1000,high
CA20,structural,"Auxiliary building super module: used/spent fuel storage, transfer, heat exchanger and waste collection areas; 72 sub-modules (V.C. Summer 2)",Auxiliary building,"~840 t, 20 m x 14 m x 20 m (Sanmen 1); 875 t (Haiyang 4); 1024 t hoist weight (Sanmen 4); 20.5 x 14.1 x 20.9 m","An LTL-2600B-type crawler crane was used to hoist the CA20 module, which weighs some 840 tonnes ... measures 20 metres long, 14 metres wide and 20 metres high and is the largest component to be used in the construction of the Sanmen AP1000 units","World Nuclear News, Milestones in construction of Chinese plants, 2009-07-20",https://www.world-nuclear-news.org/Articles/Milestones-in-construction-of-Chinese-plants,high
CA20,structural,"All 72 CA20 sub-modules delivered to V.C. Summer Unit 2 site; assembled in Module Assembly Building",Auxiliary building,72 sub-modules,"Progress continued on the Unit 2 CA20 sub-modules inside the Module Assembly Building. As of December 31, 2013, all of the 72 CA20 sub-modules had been delivered","SC Office of Regulatory Staff, Review of SCE&G 2013 4th Quarter Report, 2014",https://ors.sc.gov/sites/scors/files/Documents/Regulatory/electricNaturalGas/newNuclear/VCSummerUnits/quarterlyReports/2013%204th%20Qtr%20Review%20Report.pdf,high
CB20,structural,"Passive containment cooling water storage tank (PCCWST) module set atop containment/shield building roof; stores >3000 t water for 72-hour passive cooling",Containment/shield building roof,"~419 t; 26 m diameter x 10 m high","The component - measuring 26 metres in diameter, 10 metres in height and weighing about 419 tonnes - was lifted into place on top of the containment vessel","World Nuclear News, In pictures: Final module in place at Haiyang 3, 2025-08-05",https://www.world-nuclear-news.org/articles/final-module-in-place-at-haiyang-3,high
CB20,structural,"Final major module for Vogtle 3: massive water tank placed atop containment vessel and shield building roof",Containment/shield building roof,,"A massive water tank has been placed atop the containment vessel and shield building roof at Vogtle-3 ... The CB-20 module being installed at Vogtle-3.","ANS Nuclear Newswire, Final major module for Vogtle-3 installed, 2020-05-27",https://www.ans.org/news/article-206/final-major-module-for-vogtle3-installed/,high
CB65,structural,"Reactor Coolant Drain Tank (RCDT) room module, 12 panels; sump module set inside containment vessel bottom head",Containment internal structures (CVBH),12 panels,"CB65 - Reactor Coolant Drain Tank (RCDT) Room (12 Panels)","NRC ADAMS ML14322A365, Supplier Compliance Onsite and Offsite Fabrication slide deck (Vogtle 3&4), 2014",https://www.nrc.gov/docs/ML1432/ML14322A365.pdf,high
CB66,structural,"Sump module (with CB65) set inside the Unit 4 containment vessel bottom head alongside CA04",Containment internal structures (CVBH),,"Modules CA04 (the reactor vessel cavity) and sump modules, CB65 and CB66, are expected to be set inside the CVBH in the third quarter of 2014.","Georgia Power, Vogtle Construction Monitoring Report 11 (Eleventh Semi-annual VCM, GA PSC Docket 29849), 2014",https://psc.ga.gov/search/facts-docket/?docketId=29849,high
CH80,structural,"First structural steel module of turbine island vertical construction; major turbine building structural module",Turbine building,,"Vertical construction began in the Unit 3 turbine island with the installation of the first structural steel module, CH80, in late July.","Georgia Power, Vogtle Construction Monitoring Report 9/10 (Ninth/Tenth Semi-annual VCM, GA PSC Docket 29849), 2013-2014",https://psc.ga.gov/search/facts-docket/?docketId=29849,high
CH80,structural,"Major structural module for the V.C. Summer Unit 2 turbine building, installed September 2013",Turbine building,,"CH80, a major structural module for the turbine building, was installed in September 2013","SC Office of Regulatory Staff, Review of SCE&G 2013 3rd Quarter Report, 2013",https://ors.sc.gov/sites/scors/files/Documents/Regulatory/electricNaturalGas/newNuclear/VCSummerUnits/quarterlyReports/ORSs%20Review%20of%20SCEGs%202013%203rd%20Quarter%20Report.pdf,high
CH81A,structural,"Turbine building structural steel module supporting the turbine deck; set at V.C. Summer Unit 2 on 3 October 2013",Turbine building,,"The major turbine building structural module CH81A was set on October 3, 2013","SC Office of Regulatory Staff, Review of SCE&G 2013 3rd Quarter Report, 2013",https://ors.sc.gov/sites/scors/files/Documents/Regulatory/electricNaturalGas/newNuclear/VCSummerUnits/quarterlyReports/ORSs%20Review%20of%20SCEGs%202013%203rd%20Quarter%20Report.pdf,high
CH81C,structural,"Turbine island structural steel module supporting the turbine deck (Vogtle 3)",Turbine building,,"Additional structural steel modules, CH81A, CH81C and CH82, have since been installed and will support the turbine deck.","Georgia Power, Vogtle Construction Monitoring Report 9/10 (GA PSC Docket 29849), 2013-2014",https://psc.ga.gov/search/facts-docket/?docketId=29849,high
CH82,structural,"Turbine island structural steel module supporting the turbine deck (Vogtle 3)",Turbine building,,"Additional structural steel modules, CH81A, CH81C and CH82, have since been installed and will support the turbine deck.","Georgia Power, Vogtle Construction Monitoring Report 9/10 (GA PSC Docket 29849), 2013-2014",https://psc.ga.gov/search/facts-docket/?docketId=29849,high
Q223,mechanical,"Passive Core Cooling System (PXS) mechanical module fabricated by Aecon Industrial (Cambridge, Ontario); delivered to Vogtle Unit 3 on 23 September 2016",Containment/PXS,,"The affected pipe spools and flanges were delivered to Aecon Industrial ... for use in fabrication of Mechanical Modules Q223 and Q233 for the Passive Core Cooling System. ... The flange configuration was corrected and the Q223 Mechanical Module was delivered to the Vogtle Unit 3 site on September 23, 2016.","NRC Event Report/50.55(e) EN 52373 (ML17076A083), 2017",https://www.nrc.gov/docs/ML1707/ML17076A083.pdf,high
Q233,mechanical,"Passive Core Cooling System (PXS) mechanical module fabricated by Aecon Industrial for V.C. Summer Unit 3 and Vogtle Unit 4",Containment/PXS,,"The affected pipe spools and flanges were delivered to Aecon Industrial, 150 Sheldon Drive, Cambridge, Ontario ... for use in fabrication of Mechanical Modules Q223 and Q233 for the Passive Core Cooling System.","NRC Event Report/50.55(e) EN 52373 (ML17076A083), 2017",https://www.nrc.gov/docs/ML1707/ML17076A083.pdf,high
Q240,piping,"Normal Residual Heat Removal System (RNS) piping module for Vogtle (drawing SV4-Q240-RWS-PLW-01.15 'Normal Residual Heat Removal for AP1000 Vogtle EPC-4'); Aecon-fabricated, ASME III",Auxiliary building/RNS,,"SV4-Q240-RWS-PLW-01.15, 'Normal Residual Heat Removal for AP1000 Vogtle EPC-4,' Revision 0, dated September 28, 2016","NRC vendor inspection report of Aecon Industrial (ML17254A117), 2017",https://www.nrc.gov/docs/ML1725/ML17254A117.pdf,medium
Q305,piping,"'Piping Assembly Series I Y05' mechanical module; Chemical and Volume Control System (CVS) Class 1 piping for Vogtle Unit 4; Aecon-fabricated to ASME III NB/NC/ND",Containment/CVS,,"Set-up and performance of visual testing of weld No. W46 on Module Q305, 'Piping Assembly Series I Y05,' for Vogtle Unit 4","NRC vendor inspection report of Aecon Industrial (ML17254A117), 2017",https://www.nrc.gov/docs/ML1725/ML17254A117.pdf,high
Q601,piping,"ASME piping, valves and supports for Reactor Coolant System Automatic Depressurization System (ADS) stages 1-3; includes ring girder assembly; Aecon-fabricated for Vogtle 3&4",Containment/RCS ADS,,"engineering drawings and inspection plans related to Westinghouse Electric Company (WEC) AP1000 Q601 module ... S8084-XRG, 'Ring Girder Assembly' ... for Q601 module for Vogtle Unit 3","NRC vendor inspection report of Aecon Industrial (ML17254A117), 2017; NRC ML19045A614 (Vogtle LAR)",https://www.nrc.gov/docs/ML1725/ML17254A117.pdf,high
KQ11,mechanical,"Installed containment sump (recirculation sump) inspected against ITAAC key dimensions at V.C. Summer",Containment,,"The inspectors performed a direct inspection and independent measurements of the installed containment sump (KQ11) to determine whether the distance from the bottom of the containment sump to the top surface of the embedded containment shell met the requirements","NRC integrated inspection report, V.C. Summer 2&3 (ML13312A316), 2013",https://www.nrc.gov/docs/ML1331/ML13312A316.pdf,high
KB04,mechanical,"Vogtle Unit 3 mechanical module with reported dimensional discrepancies (SV3-KB04-GNR-000001)",Unknown,,"SV3-KB04-GNR-000001, KB04 Dimensional Discrepancies, Rev. 0","NRC inspection report (ML14303A481), 2014",https://www.nrc.gov/docs/ML1430/ML14303A481.pdf,medium
KB14,mechanical,"Vogtle Unit 3 mechanical module; nonconformances for dimensional discrepancies and pipe slope (SV3-KB14-GNR-000002 'KB14 Pipe Slope')",Unknown,,"SV3-KB14-GNR-000001, 'KB14 Dimensional discrepancies,' Rev. 0 ... SV3-KB14-GNR-000002, KB14 Pipe Slope, Rev. 0","NRC inspection report (ML14303A481), 2014",https://www.nrc.gov/docs/ML1430/ML14303A481.pdf,medium
KB25,mechanical,"Mechanical module cited with KB36 in calculation-deficiency corrective action (CAPAL 100331507)",Unknown,,"CAPAL 100331507, KB25 and KB36 calculation deficiencies, dated September 30, 2015","NRC vendor inspection report (ML16307A159), 2016",https://www.nrc.gov/docs/ML1630/ML16307A159.pdf,medium
KB36,mechanical,"Mechanical module for Vogtle Unit 3, fabricated by Aecon (frame/support weld surface prep and coating inspected)",Unknown,,"Set-up and performance of surface preparation and coating of frame/support weld areas on module KB-36 for Vogtle Unit 3","NRC vendor inspection report of Aecon Industrial (ML17254A117), 2017",https://www.nrc.gov/docs/ML1725/ML17254A117.pdf,high
KB37,mechanical,"Module fabricated at CB&I Lake Charles for Vogtle; material traceability (PIC tickets/parts lists) reviewed by NRC",Unknown,,"The inspectors reviewed the product identification certification (PIC) tickets and parts lists associated with Module No. KB37 for Vogtle and CA20-25 for V.C. Summer","NRC vendor inspection report, CB&I Lake Charles (ML14072A315), 2014",https://www.nrc.gov/docs/ML1407/ML14072A315.pdf,medium
CA30,structural,"Containment building floor module (CA3X floor family analyzed as simply-supported composite beam sections)",Containment internal structures,,"APP-CA00-GEF-188, 'Clarification of CA30 Module Connection Details,' Rev. 0; APP-CA00-GEF-195, 'Supplemental Simplified Analysis of CA3X Floor as Simply-Support Composite Beam Sections'","NRC inspection report (ML17132A351), 2017",https://www.nrc.gov/docs/ML1713/ML17132A351.pdf,medium
CA32,structural,"Containment building floor module (CA3X floor family); clip angle connections addressed by E&DCR",Containment internal structures,,"APP-CA00-GEF-230, 'CA32, CA33, CA35, CA36 and CA37 Clip Angle Connections,' Rev. 0","NRC inspection report (ML17132A351), 2017",https://www.nrc.gov/docs/ML1713/ML17132A351.pdf,medium
CA33,structural,"Containment building floor module (CA3X floor family)",Containment internal structures,,"APP-CA00-GEF-230, 'CA32, CA33, CA35, CA36 and CA37 Clip Angle Connections,' Rev. 0","NRC inspection report (ML17132A351), 2017",https://www.nrc.gov/docs/ML1713/ML17132A351.pdf,medium
CA34,structural,"Containment building floor module (CA3X floor family, appears in same inspection scope)",Containment internal structures,,"CA32, CA33, CA34 ... (module list in fabrication inspection scope pages)","NRC inspection report (ML17132A351), 2017",https://www.nrc.gov/docs/ML1713/ML17132A351.pdf,low
CA35,structural,"Containment building floor module (CA3X floor family)",Containment internal structures,,"APP-CA00-GEF-230, 'CA32, CA33, CA35, CA36 and CA37 Clip Angle Connections,' Rev. 0","NRC inspection report (ML17132A351), 2017",https://www.nrc.gov/docs/ML1713/ML17132A351.pdf,medium
CA36,structural,"Containment building floor module (CA3X floor family)",Containment internal structures,,"APP-CA00-GEF-230, 'CA32, CA33, CA35, CA36 and CA37 Clip Angle Connections,' Rev. 0","NRC inspection report (ML17132A351), 2017",https://www.nrc.gov/docs/ML1713/ML17132A351.pdf,medium
CA37,structural,"Containment building Area 4 floor module at elevation 107'-2''",Containment internal structures,,"VS3-CA37-S5-... 'Containment Building Area 4 CA37 Floor El. 107'-2'' Bill of Materials IV,' Revision 1","NRC inspection report (ML17132A351), 2017",https://www.nrc.gov/docs/ML1713/ML17132A351.pdf,high
CA31,structural,"Containment internal structural module (ID appears in fabrication records scope; CA3X floor family by pattern)",Containment internal structures,,"Module ID appears in inspection document list, p.14 of ML15364A548 (V.C. Summer fabrication records)","NRC inspection report (ML15364A548), 2015",https://www.nrc.gov/docs/ML1536/ML15364A548.pdf,low
CA55,structural,"V.C. Summer Unit 2 containment internal floor module at elevation 135'-3'' above the IRWST (Containment Building Area 1)",Containment internal structures,,"The inspectors performed a review of Unit 2 containment internal modules CA55 and CA56 located at elevation 135'-3'' above the internal refueling water storage tank (IRWST)","NRC inspection report (ML17226A074), 2017",https://www.nrc.gov/docs/ML1722/ML17226A074.pdf,high
CA56,structural,"V.C. Summer Unit 2 containment internal floor module at elevation 135'-3'' above the IRWST (Containment Building Areas 1 & 2)",Containment internal structures,,"The inspectors performed a review of Unit 2 containment internal modules CA55 and CA56 located at elevation 135'-3'' above the internal refueling water storage tank (IRWST)","NRC inspection report (ML17226A074), 2017",https://www.nrc.gov/docs/ML1722/ML17226A074.pdf,high
CB11,structural,"Containment CB-series steel module referenced in basemat reinforcing steel installation records (bottom mat NE of CB11)",Containment,,"Elevation 87'-6'', #8 3CH's in CA05 and the Bottom Mat NE of CB11","NRC inspection report (ML16132A557), 2016",https://www.nrc.gov/docs/ML1613/ML16132A557.pdf,low
CB63,structural,"CB-series steel module with piping penetration (dimension change E&DCR); by position in CB6x series adjacent to CB65/CB66 sump/RCDT room modules",Containment internal structures,,"SV0-CB00-GEF-000007, CB63 Piping Penetration Dimension Change, Rev. 0","NRC inspection report (ML15364A548), 2015",https://www.nrc.gov/docs/ML1536/ML15364A548.pdf,medium
CH59,structural,"CH-series (turbine island) steel module referenced in thermal cutting hardness E&DCR",Turbine building,,"APP-CH59-GEF-850013, 'Thermal Cutting Maximum Hardness,' Rev. 0","NRC inspection report (ML17132A351), 2017",https://www.nrc.gov/docs/ML1713/ML17132A351.pdf,low
CA01,structural,Steam Generator & Refueling Canal inside-containment composite wall module; 47 sub-modules,Containment internal structures,"92 ft x 96 ft x 76 ft [28 x 29.3 x 23.2 m]; lift weight 2,357,000 lbs [1,069 MT]","CA01 Steam Generator & Refueling Canal Inside Containment Composite Wall Module. CA01 Comprised of 47 Sub-Modules: Size 92-0 x 96-0 x 76-0 [28 m x 29.3 m x 23.2 m]. Lift Weight: 2,357,000 lbs. [1,069 MT]","Westinghouse AP1000 Plant Overview, Ed Cummins, LAS-ANS Brazil, July 2014 (slide 15)",https://las-ans.org.br/wp-content/uploads/2019/04/Panel-6-Ed-Cummins-July22-1600-1730.pdf,high
CA04,structural,Reactor Vessel Cavity/Reactor Coolant Drain Tank inside-containment composite wall module; 5 sub-modules,Containment internal structures,"21 ft-1 in x 21 ft-1 in x 26 ft-6 in [6.4 x 6.4 x 8.1 m]; lift weight 79,200 lbs [35.9 MT]","CA04 Reactor Vessel Cavity/Reactor Coolant Drain Tank Inside Containment Composite Wall Module. CA04 Comprised of 5 Sub-Modules ... Lift Weight: 79,200 lbs. [35.9 MT]","Westinghouse AP1000 Plant Overview, Ed Cummins, LAS-ANS Brazil, July 2014 (slide 16)",https://las-ans.org.br/wp-content/uploads/2019/04/Panel-6-Ed-Cummins-July22-1600-1730.pdf,high
CA20,structural,Auxiliary Building Areas 5 and 6 composite wall module; 72 sub-modules,Auxiliary building,"67 ft-3 in x 46 ft-6 in x 68 ft-9 in [20.5 x 14.2 x 21 m]; 1,996,000 lbs [905 MT] excl. equipment/mechanical outfitting","CA20 Auxiliary Bldg Area 5 and 6 Module. Auxiliary Building Composite Wall Module. CA20 Comprised of 72 Sub-Modules ... Weight (Equipment & Mechanical Module outfitting is not included) 1,996,000 lbs. [905 MT]","Westinghouse AP1000 Plant Overview, Ed Cummins, LAS-ANS Brazil, July 2014 (slide 17)",https://las-ans.org.br/wp-content/uploads/2019/04/Panel-6-Ed-Cummins-July22-1600-1730.pdf,high
CB65,structural,"Concrete form module (RCDT room area), shown installed with CA04 in containment vessel bottom head",Containment internal structures (CVBH),,"CB65 & CB66 Concrete Form Modules (slide figure with CA04, Sanmen photo)","Westinghouse AP1000 Plant Overview, Ed Cummins, LAS-ANS Brazil, July 2014 (slide 16)",https://las-ans.org.br/wp-content/uploads/2019/04/Panel-6-Ed-Cummins-July22-1600-1730.pdf,high
CB66,structural,"Concrete form module (RCDT room area), shown installed with CA04 in containment vessel bottom head",Containment internal structures (CVBH),,"CB65 & CB66 Concrete Form Modules (slide figure with CA04, Sanmen photo)","Westinghouse AP1000 Plant Overview, Ed Cummins, LAS-ANS Brazil, July 2014 (slide 16)",https://las-ans.org.br/wp-content/uploads/2019/04/Panel-6-Ed-Cummins-July22-1600-1730.pdf,high
Q601,mechanical,"Major mechanical module: RCS Automatic Depressurization System stages 1, 2, 3; Safety Class A, Seismic Category I",Containment / RCS ADS,"16 ft-10 in x 14 ft-4 in x 32 ft-1 in [5.13 x 4.37 x 9.78 m]; lift 94,400 lbs [42,819 kg] w/o transport skid; 102,120 lbs with skid","AP1000 Plant Major Mechanical Modules: Q601 RCS Module, ADS Stages 1, 2, 3 ... Classification: Safety Class A, Seismic Cat-I. Lift Weight w/out Transport Skid 94,400 lbs [42,819 kg]","Westinghouse AP1000 Plant Overview, Ed Cummins, LAS-ANS Brazil, July 2014 (slide 21)",https://las-ans.org.br/wp-content/uploads/2019/04/Panel-6-Ed-Cummins-July22-1600-1730.pdf,high
(module counts),summary,"AP1000 module count by type: Structural 122, Piping 154, Mechanical Equipment 55, Electrical Equipment 11, TOTAL 342",plant-wide,,"Modules Designed into AP1000 Plant from the Beginning. Module Type/Number: Structural 122, Piping 154, Mechanical Equipment 55, Electrical Equipment 11, TOTAL 342","Westinghouse AP1000 Plant Overview, Ed Cummins, LAS-ANS Brazil, July 2014 (slide 14)",https://las-ans.org.br/wp-content/uploads/2019/04/Panel-6-Ed-Cummins-July22-1600-1730.pdf,high
