ML11171A303 - Westinghouse AP1000 Design Control Document Rev. 19 - Introduction (20 page(s), 6/13/2011)	https://www.nrc.gov/docs/ML1117/ML11171A303.pdf
ML11171A304 - Westinghouse AP1000 Design Control Document Rev. 19 - Tier 1 - Change Roadmap (38 page(s), 6/13/2011)	https://www.nrc.gov/docs/ML1117/ML11171A304.pdf
ML11171A305 - Westinghouse AP1000 Design Control Document Rev. 19 - Tier 1 - List of Effective Pages (5 page(s), 6/13/2011)	https://www.nrc.gov/docs/ML1117/ML11171A305.pdf
ML11171A306 - Westinghouse AP1000 Design Control Document Rev. 19 - Tier 1 - Table of Contents (6 page(s), 6/13/2011)	https://www.nrc.gov/docs/ML1117/ML11171A306.pdf
ML11171A307 - Westinghouse AP1000 Design Control Document Rev. 19 - Tier 1 Chapter 1 - Introduction - Section 1.0 Introduction (13 page(s), 6/13/2011)	https://www.nrc.gov/docs/ML1117/ML11171A307.pdf
ML11171A308 - Westinghouse AP1000 Design Control Document Rev. 19 - Tier 1 Chapter 2 - System Based Design Descriptions and ITAAC - 2.1 Reactor (51 page(s), 6/13/2011)	https://www.nrc.gov/docs/ML1117/ML11171A308.pdf
ML11171A310 - Westinghouse AP1000 Design Control Document Rev. 19 - Tier 1 Chapter 2 - System Based Design Descriptions and ITAAC - 2.2 Nuclear Safety Systems (107 page(s), 6/13/2011)	https://www.nrc.gov/docs/ML1117/ML11171A310.pdf
ML11171A311 - Westinghouse AP1000 Design Control Document Rev. 19 - Tier 1 Chapter 2 - System Based Design Descriptions and ITAAC - 2.3 Auxiliary Systems (128 page(s), 6/13/2011)	https://www.nrc.gov/docs/ML1117/ML11171A311.pdf
ML11171A312 - Westinghouse AP1000 Design Control Document Rev. 19 - Tier 1 Chapter 2 - System Based Design Descriptions and ITAAC - 2.4 Steam and Power Conversion Systems (22 page(s), 6/13/2011)	https://www.nrc.gov/docs/ML1117/ML11171A312.pdf
ML11171A313 - Westinghouse AP1000 Design Control Document Rev. 19 - Tier 1 Chapter 2 - System Based Design Descriptions and ITAAC - 2.5 Instrumentation and Control Systems (44 page(s), 6/13/2011)	https://www.nrc.gov/docs/ML1117/ML11171A313.pdf
ML11171A314 - Westinghouse AP1000 Design Control Document Rev. 19 - Tier 1 Chapter 2 - System Based Design Descriptions and ITAAC - 2.6 Electrical Power Systems (56 page(s), 6/13/2011)	https://www.nrc.gov/docs/ML1117/ML11171A314.pdf
ML11171A316 - Westinghouse AP1000 Design Control Document Rev. 19 - Tier 1 Chapter 2 - System Based Design Descriptions and ITAAC - 2.7 HVAC Systems (45 page(s), 6/13/2011)	https://www.nrc.gov/docs/ML1117/ML11171A316.pdf
ML11171A317 - Westinghouse AP1000 Design Control Document Rev. 19 - Tier 1 Chapter 3 - Non-System Based Design Descriptions and ITAAC - 3.1 Emergency Response Facilities (2 page(s), 6/13/2011)	https://www.nrc.gov/docs/ML1117/ML11171A317.pdf
ML11171A318 - Westinghouse AP1000 Design Control Document Rev. 19 - Tier 1 Chapter 3 - Non-System Based Design Descriptions and ITAAC - 3.2 Human Factors Engineering (7 page(s), 6/13/2011)	https://www.nrc.gov/docs/ML1117/ML11171A318.pdf
ML11171A319 - Westinghouse AP1000 Design Control Document Rev. 19 - Tier 1 Chapter 3 - Non-System Based Design Descriptions and ITAAC - 3.3 Buildings (47 page(s), 6/13/2011)	https://www.nrc.gov/docs/ML1117/ML11171A319.pdf
ML11171A320 - Westinghouse AP1000 Design Control Document Rev. 19 - Tier 1 Chapter 3 - Non-System Based Design Descriptions and ITAAC - 3.4 Initial Test Program (1 page(s), 6/13/2011)	https://www.nrc.gov/docs/ML1117/ML11171A320.pdf
ML11171A321 - Westinghouse AP1000 Design Control Document Rev. 19 - Tier 1 Chapter 3 - Non-System Based Design Descriptions and ITAAC - 3.5 Radiation Monitoring (8 page(s), 6/13/2011)	https://www.nrc.gov/docs/ML1117/ML11171A321.pdf
ML11171A322 - Westinghouse AP1000 Design Control Document Rev. 19 - Tier 1 Chapter 3 - Non-System Based Design Descriptions and ITAAC - 3.6 Reactor Coolant Pressure Boundary Leak Detection (2 page(s), 6/13/2011)	https://www.nrc.gov/docs/ML1117/ML11171A322.pdf
ML11171A323 - Westinghouse AP1000 Design Control Document Rev. 19 - Tier 1 Chapter 3 - Non-System Based Design Descriptions and ITAAC - 3.7 Design Reliability Assurance Program (7 page(s), 6/13/2011)	https://www.nrc.gov/docs/ML1117/ML11171A323.pdf
ML11171A324 - Westinghouse AP1000 Design Control Document Rev. 19 - Tier 1 Chapter 4 - Interface Requirements - Section 4.0 Interface Requirements (1 page(s), 6/13/2011)	https://www.nrc.gov/docs/ML1117/ML11171A324.pdf
ML11171A325 - Westinghouse AP1000 Design Control Document Rev. 19 - Tier 1 Chapter 5 - Site Parameters - 5.0 Site Parameters (11 page(s), 6/13/2011)	https://www.nrc.gov/docs/ML1117/ML11171A325.pdf
ML11171A326 - Westinghouse AP1000 Design Control Document Rev. 19 - Tier 2 - List of Effective Pages (38 page(s), 6/13/2011)	https://www.nrc.gov/docs/ML1117/ML11171A326.pdf
ML11171A327 - Westinghouse AP1000 Design Control Document Rev. 19 - Tier 2 - Change Pages (238 page(s), 6/13/2011)	https://www.nrc.gov/docs/ML1117/ML11171A327.pdf
ML11171A328 - Westinghouse AP1000 Design Control Document Rev. 19 - Tier 2 - Master Table of Contents (32 page(s), 6/13/2011)	https://www.nrc.gov/docs/ML1117/ML11171A328.pdf
ML11171A329 - Westinghouse AP1000 Design Control Document Rev. 19 - Tier 2 Chapter 1 - Introduction and General Description of the Plant - Section 1.1 Introduction (6 page(s), 6/13/2011)	https://www.nrc.gov/docs/ML1117/ML11171A329.pdf
ML11171A330 - Westinghouse AP1000 Design Control Document Rev. 19 - Tier 2 Chapter 1 - Introduction and General Description of the Plant - Section 1.2 General Plant Description (57 page(s), 6/13/2011)	https://www.nrc.gov/docs/ML1117/ML11171A330.pdf
ML11171A331 - Westinghouse AP1000 Design Control Document Rev. 19 - Tier 2 Chapter 1 - Introduction and General Description of the Plant - Section 1.3 Comparisons With Similar Facility Designs (7 page(s), 6/13/2011)	https://www.nrc.gov/docs/ML1117/ML11171A331.pdf
ML11171A332 - Westinghouse AP1000 Design Control Document Rev. 19 - Tier 2 Chapter 1 - Introduction and General Description of the Plant - Section 1.4 Identification of Agents and Contractors (3 page(s), 6/13/2011)	https://www.nrc.gov/docs/ML1117/ML11171A332.pdf
ML11171A333 - Westinghouse AP1000 Design Control Document Rev. 19 - Tier 2 Chapter 1 - Introduction and General Description of the Plant - Section 1.5 Requirements for Further Technical Information (10 page(s), 6/13/2011)	https://www.nrc.gov/docs/ML1117/ML11171A333.pdf
ML11171A334 - Westinghouse AP1000 Design Control Document Rev. 19 - Tier 2 Chapter 1 - Introduction and General Description of the Plant - Section 1.6 Material Referenced (22 page(s), 6/13/2011)	https://www.nrc.gov/docs/ML1117/ML11171A334.pdf
ML11171A335 - Westinghouse AP1000 Design Control Document Rev. 19 - Tier 2 Chapter 1 - Introduction and General Description of the Plant - Section 1.7 Drawings and Other Detailed Information (12 page(s), 6/13/2011)	https://www.nrc.gov/docs/ML1117/ML11171A335.pdf
ML11171A336 - Westinghouse AP1000 Design Control Document Rev. 19 - Tier 2 Chapter 1 - Introduction and General Description of the Plant - Section 1.8 Interfaces for Standard Design (23 page(s), 6/13/2011)	https://www.nrc.gov/docs/ML1117/ML11171A336.pdf
ML11171A337 - Westinghouse AP1000 Design Control Document Rev. 19 - Tier 2 Chapter 1 - Introduction and General Description of the Plant - Section 1.9 Compliance with Regulatory Criteria (159 page(s), 6/13/2011)	https://www.nrc.gov/docs/ML1117/ML11171A337.pdf
ML11171A338 - Westinghouse AP1000 Design Control Document Rev. 19 - Tier 2 Chapter 1 - Introduction and General Description of the Plant - Table of Contents (5 page(s), 6/13/2011)	https://www.nrc.gov/docs/ML1117/ML11171A338.pdf
ML11171A339 - Westinghouse AP1000 Design Control Document Rev. 19 - Tier 2 Chapter 1 - Introduction and General Description of the Plant - Appendix 1A Conformance With Regulatory Guides (74 page(s), 6/13/2011)	https://www.nrc.gov/docs/ML1117/ML11171A339.pdf
ML11171A340 - Westinghouse AP1000 Design Control Document Rev. 19 - Tier 2 Chapter 1 - Introduction and General Description of the Plant - Appendix 1B Severe Accident Mitigation Design Alternatives (23 page(s), 6/13/2011)	https://www.nrc.gov/docs/ML1117/ML11171A340.pdf
ML11171A341 - Westinghouse AP1000 Design Control Document Rev. 19 - Tier 2 Chapter 10 – Steam and Power Conversion System – Section 10.1 Summary Description (5 page(s), 6/13/2011)	https://www.nrc.gov/docs/ML1117/ML11171A341.pdf
ML11171A342 - Westinghouse AP1000 Design Control Document Rev. 19 - Tier 2 Chapter 10 – Steam and Power Conversion System – Section 10.2 Turbine-Generator (27 page(s), 6/13/2011)	https://www.nrc.gov/docs/ML1117/ML11171A342.pdf
ML11171A343 - Westinghouse AP1000 Design Control Document Rev. 19 - Tier 2 Chapter 10 – Steam and Power Conversion System – Section 10.3 Main Steam Supply System (39 page(s), 6/13/2011)	https://www.nrc.gov/docs/ML1117/ML11171A343.pdf
ML11171A344 - Westinghouse AP1000 Design Control Document Rev. 19 - Tier 2 Chapter 10 – Steam and Power Conversion System – Section 10.4 Other Features of Steam and Power Conversion System (70 page(s), 6/13/2011)	https://www.nrc.gov/docs/ML1117/ML11171A344.pdf
ML11171A345 - Westinghouse AP1000 Design Control Document Rev. 19 - Tier 2 Chapter 10 – Steam and Power Conversion System – Table of Contents (6 page(s), 6/13/2011)	https://www.nrc.gov/docs/ML1117/ML11171A345.pdf
ML11171A346 - Westinghouse AP1000 Design Control Document Rev. 19 - Tier 2 Chapter 11 – Radioactive Waste Management – Section 11.1 Source Terms (16 page(s), 6/13/2011)	https://www.nrc.gov/docs/ML1117/ML11171A346.pdf
ML11171A347 - Westinghouse AP1000 Design Control Document Rev. 19 - Tier 2 Chapter 11 – Radioactive Waste Management – Section 11.2 Liquid Waste Management Systems (53 page(s), 6/13/2011)	https://www.nrc.gov/docs/ML1117/ML11171A347.pdf
ML11171A348 - Westinghouse AP1000 Design Control Document Rev. 19 - Tier 2 Chapter 11 – Radioactive Waste Management – Section 11.3 Gaseous Waste Management System (23 page(s), 6/13/2011)	https://www.nrc.gov/docs/ML1117/ML11171A348.pdf
ML11171A349 - Westinghouse AP1000 Design Control Document Rev. 19 - Tier 2 Chapter 11 – Radioactive Waste Management – Section 11.4 Solid Waste Management (35 page(s), 6/13/2011)	https://www.nrc.gov/docs/ML1117/ML11171A349.pdf
ML11171A350 - Westinghouse AP1000 Design Control Document Rev. 19 - Tier 2 Chapter 11 – Radioactive Waste Management – Section 11.5 Radiation Monitoring (30 page(s), 6/13/2011)	https://www.nrc.gov/docs/ML1117/ML11171A350.pdf
ML11171A351 - Westinghouse AP1000 Design Control Document Rev. 19 - Tier 2 Chapter 11 – Radioactive Waste Management – Table of Contents (5 page(s), 6/13/2011)	https://www.nrc.gov/docs/ML1117/ML11171A351.pdf
ML11171A352 - Westinghouse AP1000 Design Control Document Rev. 19 - Tier 2 Chapter 12 – Radiation Protection – Section 12.1 Assuring that Occupational Radiation Exposures Are As-Low-As-Reasonably Achievable (ALARA) (8 page(s), 6/13/2011)	https://www.nrc.gov/docs/ML1117/ML11171A352.pdf
ML11171A353 - Westinghouse AP1000 Design Control Document Rev. 19 - Tier 2 Chapter 12 – Radiation Protection – Section 12.2 Radiation Sources (63 page(s), 6/13/2011)	https://www.nrc.gov/docs/ML1117/ML11171A353.pdf
ML11171A354 - Westinghouse AP1000 Design Control Document Rev. 19 - Tier 2 Chapter 12 – Radiation Protection – Section 12.3 Radiation Protection Design Feature (70 page(s), 6/13/2011)	https://www.nrc.gov/docs/ML1117/ML11171A354.pdf
ML11171A355 - Westinghouse AP1000 Design Control Document Rev. 19 - Tier 2 Chapter 12 – Radiation Protection – Section 12.4 Dose Assessment (19 page(s), 6/13/2011)	https://www.nrc.gov/docs/ML1117/ML11171A355.pdf
ML11171A356 - Westinghouse AP1000 Design Control Document Rev. 19 - Tier 2 Chapter 12 – Radiation Protection – Section 12.5 Health Physics Facilities Design (4 page(s), 6/13/2011)	https://www.nrc.gov/docs/ML1117/ML11171A356.pdf
ML11171A357 - Westinghouse AP1000 Design Control Document Rev. 19 - Tier 2 Chapter 12 – Radiation Protection – Table of Contents (7 page(s), 6/13/2011)	https://www.nrc.gov/docs/ML1117/ML11171A357.pdf
ML11171A358 - Westinghouse AP1000 Design Control Document Rev. 19 - Tier 2 Chapter 13 - Conduct of Operations - Table of Contents (1 page(s), 6/13/2011)	https://www.nrc.gov/docs/ML1117/ML11171A358.pdf
ML11171A359 - Westinghouse AP1000 Design Control Document Rev. 19 - Tier 2 Chapter 13 - Conduct of Operations (5 page(s), 6/13/2011)	https://www.nrc.gov/docs/ML1117/ML11171A359.pdf
ML11171A360 - Westinghouse AP1000 Design Control Document Rev. 19 - Tier 2 Chapter 14 - Initial Test Program - Section 14.1 Specific Information to be Included in Preliminary Final Safety Analysis Reports (1 page(s), 6/13/2011)	https://www.nrc.gov/docs/ML1117/ML11171A360.pdf
ML11171A362 - Westinghouse AP1000 Design Control Document Rev. 19 - Tier 2 Chapter 14 - Initial Test Program - Section 14.2 Specific Information to be Included in Standard Safety Analysis Reports (134 page(s), 6/13/2011)	https://www.nrc.gov/docs/ML1117/ML11171A362.pdf
ML11171A363 - Westinghouse AP1000 Design Control Document Rev. 19 - Tier 2 Chapter 14 - Initial Test Program - Section 14.3 Certified Design Material (52 page(s), 6/13/2011)	https://www.nrc.gov/docs/ML1117/ML11171A363.pdf
ML11171A364 - Westinghouse AP1000 Design Control Document Rev. 19 - Tier 2 Chapter 14 - Initial Test Program - Section 14.4 Combined License Applicant Responsibilities (2 page(s), 6/13/2011)	https://www.nrc.gov/docs/ML1117/ML11171A364.pdf
ML11171A365 - Westinghouse AP1000 Design Control Document Rev. 19 - Tier 2 Chapter 14 - Initial Test Program - Table of Contents (6 page(s), 6/13/2011)	https://www.nrc.gov/docs/ML1117/ML11171A365.pdf
ML11171A366 - Westinghouse AP1000 Design Control Document Rev. 19 - Tier 2 Chapter 14 - Appendix 14A DAC ITAAC Closure Process (1 page(s), 6/13/2011)	https://www.nrc.gov/docs/ML1117/ML11171A366.pdf
ML11171A367 - Westinghouse AP1000 Design Control Document Rev. 19 - Tier 2 Chapter 15 - Accident Analyses - Section 15.0 Accident Analyses (40 page(s), 6/13/2011)	https://www.nrc.gov/docs/ML1117/ML11171A367.pdf
ML11171A368 - Westinghouse AP1000 Design Control Document Rev. 19 - Tier 2 Chapter 15 - Accident Analyses - Section 15.1 Increase in Heat Removal From the Primary System (74 page(s), 6/13/2011)	https://www.nrc.gov/docs/ML1117/ML11171A368.pdf
ML11171A369 - Westinghouse AP1000 Design Control Document Rev. 19 - Tier 2 Chapter 15 - Accident Analyses - Section 15.2 Decrease in Heat Removal by the Secondary System (86 page(s), 6/13/2011)	https://www.nrc.gov/docs/ML1117/ML11171A369.pdf
ML11171A370 - Westinghouse AP1000 Design Control Document Rev. 19 - Tier 2 Chapter 15 - Accident Analyses - Section 15.3 Decrease in Reactor Coolant System Flow Rate (34 page(s), 6/13/2011)	https://www.nrc.gov/docs/ML1117/ML11171A370.pdf
ML11171A371 - Westinghouse AP1000 Design Control Document Rev. 19 - Tier 2 Chapter 15 - Accident Analyses - Section 15.4 Reactivity and Power Distribution Anomalies (76 page(s), 6/13/2011)	https://www.nrc.gov/docs/ML1117/ML11171A371.pdf
ML11171A372 - Westinghouse AP1000 Design Control Document Rev. 19 - Tier 2 Chapter 15 - Accident Analyses - Section 15.5 Increase in Reactor Coolant Inventory (34 page(s), 6/13/2011)	https://www.nrc.gov/docs/ML1117/ML11171A372.pdf
ML11171A373 - Westinghouse AP1000 Design Control Document Rev. 19 - Tier 2 Chapter 15 - Accident Analyses - Section 15.6 Decrease in Reactor Coolant Inventory (263 page(s), 6/13/2011)	https://www.nrc.gov/docs/ML1117/ML11171A373.pdf
ML11171A374 - Westinghouse AP1000 Design Control Document Rev. 19 - Tier 2 Chapter 15 - Accident Analyses - Section 15.7 Radioactive Release from a Subsystem or Component (6 page(s), 6/13/2011)	https://www.nrc.gov/docs/ML1117/ML11171A374.pdf
ML11171A375 - Westinghouse AP1000 Design Control Document Rev. 19 - Tier 2 Chapter 15 - Accident Analyses - Section 15.8 Anticipated Transients Without Scram (1 page(s), 6/13/2011)	https://www.nrc.gov/docs/ML1117/ML11171A375.pdf
ML11171A377 - Westinghouse AP1000 Design Control Document Rev. 19 - Tier 2 Chapter 15 - Accident Analyses - Table of Contents (22 page(s), 6/13/2011)	https://www.nrc.gov/docs/ML1117/ML11171A377.pdf
ML11171A378 - Westinghouse AP1000 Design Control Document Rev. 19 - Tier 2 Chapter 15 - Accident Analyses - Appendix 15A Evaluation Models And Parameters for Analysis of Radiological Consequences of Accidents (18 page(s), 6/13/2011)	https://www.nrc.gov/docs/ML1117/ML11171A378.pdf
ML11171A379 - Westinghouse AP1000 Design Control Document Rev. 19 - Tier 2 Chapter 15 - Accident Analyses - Appendix 15B Removal of Airborne Activity from the Containment Atmosphere Following a LOCA (12 page(s), 6/13/2011)	https://www.nrc.gov/docs/ML1117/ML11171A379.pdf
ML11171A380 - Westinghouse AP1000 Design Control Document Rev. 19 - Tier 2 Chapter 16 - Technical Specifications - 16.1 Bases Part 1 (248 page(s), 6/13/2011)	https://www.nrc.gov/docs/ML1117/ML11171A380.pdf
ML11171A381 - Westinghouse AP1000 Design Control Document Rev. 19 - Tier 2 Chapter 16 - Technical Specifications - 16.1 Bases Part 2 (310 page(s), 6/13/2011)	https://www.nrc.gov/docs/ML1117/ML11171A381.pdf
ML11171A382 - Westinghouse AP1000 Design Control Document Rev. 19 - Tier 2 Chapter 16 - Technical Specifications - 16.1 Technical Specifications (286 page(s), 6/13/2011)	https://www.nrc.gov/docs/ML1117/ML11171A382.pdf
ML11171A383 - Westinghouse AP1000 Design Control Document Rev. 19 - Tier 2 Chapter 16 - Technical Specifications - 16.2 Design Reliability Assurance Program (1 page(s), 6/13/2011)	https://www.nrc.gov/docs/ML1117/ML11171A383.pdf
ML11171A384 - Westinghouse AP1000 Design Control Document Rev. 19 - Tier 2 Chapter 16 - Technical Specifications - 16.3 Investment Protection (49 page(s), 6/13/2011)	https://www.nrc.gov/docs/ML1117/ML11171A384.pdf
ML11171A385 - Westinghouse AP1000 Design Control Document Rev. 19 - Tier 2 Chapter 16 - Technical Specifications - Table of Contents (8 page(s), 6/13/2011)	https://www.nrc.gov/docs/ML1117/ML11171A385.pdf
ML11171A386 - Westinghouse AP1000 Design Control Document Rev. 19 - Tier 2 Chapter 17 - Quality Assurance - Table of Contents (3 page(s), 6/13/2011)	https://www.nrc.gov/docs/ML1117/ML11171A386.pdf
ML11171A387 - Westinghouse AP1000 Design Control Document Rev. 19 - Tier 2 Chapter 17 - Quality Assurance (25 page(s), 6/13/2011)	https://www.nrc.gov/docs/ML1117/ML11171A387.pdf
ML11171A388 - Westinghouse AP1000 Design Control Document Rev. 19 - Tier 2 Chapter 18 - Human Factors Engineering - Section 18.10 Training Program Development (1 page(s), 6/13/2011)	https://www.nrc.gov/docs/ML1117/ML11171A388.pdf
ML11171A389 - Westinghouse AP1000 Design Control Document Rev. 19 - Tier 2 Chapter 18 - Human Factors Engineering - Section 18.11 Human Factors Engineering Verification and Validation (3 page(s), 6/13/2011)	https://www.nrc.gov/docs/ML1117/ML11171A389.pdf
ML11171A390 - Westinghouse AP1000 Design Control Document Rev. 19 - Tier 2 Chapter 18 - Human Factors Engineering - Section 18.12 Inventory (10 page(s), 6/13/2011)	https://www.nrc.gov/docs/ML1117/ML11171A390.pdf
ML11171A391 - Westinghouse AP1000 Design Control Document Rev. 19 - Tier 2 Chapter 18 - Human Factors Engineering - Section 18.13 Design Implementation (1 page(s), 6/13/2011)	https://www.nrc.gov/docs/ML1117/ML11171A391.pdf
ML11171A392 - Westinghouse AP1000 Design Control Document Rev. 19 - Tier 2 Chapter 18 - Human Factors Engineering - Section 18.14 Human Performance Monitoring (1 page(s), 6/13/2011)	https://www.nrc.gov/docs/ML1117/ML11171A392.pdf
ML11171A393 - Westinghouse AP1000 Design Control Document Rev. 19 - Tier 2 Chapter 18 - Human Factors Engineering - Section 18.1 Overview (5 page(s), 6/13/2011)	https://www.nrc.gov/docs/ML1117/ML11171A393.pdf
ML11171A394 - Westinghouse AP1000 Design Control Document Rev. 19 - Tier 2 Chapter 18 - Human Factors Engineering - Section 18.2 Human Factors Engineering Program Management (23 page(s), 6/13/2011)	https://www.nrc.gov/docs/ML1117/ML11171A394.pdf
ML11171A395 - Westinghouse AP1000 Design Control Document Rev. 19 - Tier 2 Chapter 18 - Human Factors Engineering - Section 18.3 Operating Experience Review (1 page(s), 6/13/2011)	https://www.nrc.gov/docs/ML1117/ML11171A395.pdf
ML11171A396 - Westinghouse AP1000 Design Control Document Rev. 19 - Tier 2 Chapter 18 - Human Factors Engineering - Section 18.4 Functional Requirements Analysis and Allocation (2 page(s), 6/13/2011)	https://www.nrc.gov/docs/ML1117/ML11171A396.pdf
ML11171A397 - Westinghouse AP1000 Design Control Document Rev. 19 - Tier 2 Chapter 18 - Human Factors Engineering - Section 18.5 AP1000 Task Analysis Implementation Plan (8 page(s), 6/13/2011)	https://www.nrc.gov/docs/ML1117/ML11171A397.pdf
ML11171A398 - Westinghouse AP1000 Design Control Document Rev. 19 - Tier 2 Chapter 18 - Human Factors Engineering - Section 18.6 Staffing (1 page(s), 6/13/2011)	https://www.nrc.gov/docs/ML1117/ML11171A398.pdf
ML11171A399 - Westinghouse AP1000 Design Control Document Rev. 19 - Tier 2 Chapter 18 - Human Factors Engineering - Section 18.7 Integration of Human Reliability Analysis with Human Factors Engineering (2 page(s), 6/13/2011)	https://www.nrc.gov/docs/ML1117/ML11171A399.pdf
ML11171A400 - Westinghouse AP1000 Design Control Document Rev. 19 - Tier 2 Chapter 18 - Human Factors Engineering - Section 18.8 Human System Interface Design (30 page(s), 6/13/2011)	https://www.nrc.gov/docs/ML1117/ML11171A400.pdf
ML11171A401 - Westinghouse AP1000 Design Control Document Rev. 19 - Tier 2 Chapter 18 - Human Factors Engineering - Section 18.9 Procedure Development (1 page(s), 6/13/2011)	https://www.nrc.gov/docs/ML1117/ML11171A401.pdf
ML11171A402 - Westinghouse AP1000 Design Control Document Rev. 19 - Tier 2 Chapter 18 - Human Factors Engineering - Table of Contents (5 page(s), 6/13/2011)	https://www.nrc.gov/docs/ML1117/ML11171A402.pdf
ML11171A403 - Westinghouse AP1000 Design Control Document Rev. 19 - Tier 2 Chapter 19 - Probabilistic Risk Assessment - Sections 19-1 to 19.14 (19 page(s), 6/13/2011)	https://www.nrc.gov/docs/ML1117/ML11171A403.pdf
ML11171A404 - Westinghouse AP1000 Design Control Document Rev. 19 - Tier 2 Chapter 19 - Probabilistic Risk Assessment - Sections 19.15 to 19.33 (20 page(s), 6/13/2011)	https://www.nrc.gov/docs/ML1117/ML11171A404.pdf
ML11171A405 - Westinghouse AP1000 Design Control Document Rev. 19 - Tier 2 Chapter 19 - Probabilistic Risk Assessment - Sections 19.34 to 19.35 (10 page(s), 6/13/2011)	https://www.nrc.gov/docs/ML1117/ML11171A405.pdf
ML11171A406 - Westinghouse AP1000 Design Control Document Rev. 19 - Tier 2 Chapter 19 - Probabilistic Risk Assessment - Sections 19.36 to 19.38 (4 page(s), 6/13/2011)	https://www.nrc.gov/docs/ML1117/ML11171A406.pdf
ML11171A408 - Westinghouse AP1000 Design Control Document Rev. 19 - Tier 2 Chapter 19 - Probabilistic Risk Assessment - Sections 19.39 to 19.40 (12 page(s), 6/13/2011)	https://www.nrc.gov/docs/ML1117/ML11171A408.pdf
ML11171A409 - Westinghouse AP1000 Design Control Document Rev. 19 - Tier 2 Chapter 19 - Probabilistic Risk Assessment - Sections 19.41 to 19.54 (24 page(s), 6/13/2011)	https://www.nrc.gov/docs/ML1117/ML11171A409.pdf
ML11171A410 - Westinghouse AP1000 Design Control Document Rev. 19 - Tier 2 Chapter 19 - Probabilistic Risk Assessment - Sections 19.55 to 19.58 (50 page(s), 6/13/2011)	https://www.nrc.gov/docs/ML1117/ML11171A410.pdf
ML11171A411 - Westinghouse AP1000 Design Control Document Rev. 19 - Tier 2 Chapter 19 - Probabilistic Risk Assessment - Sections 19.59 PRA Results and Insights (101 page(s), 6/13/2011)	https://www.nrc.gov/docs/ML1117/ML11171A411.pdf
ML11171A412 - Westinghouse AP1000 Design Control Document Rev. 19 - Tier 2 Chapter 19 - Table of Contents (14 page(s), 6/13/2011)	https://www.nrc.gov/docs/ML1117/ML11171A412.pdf
ML11171A413 - Westinghouse AP1000 Design Control Document Rev. 19 - Tier 2 Chapter 19 - Probabilistic Risk Assessment - Appendix 19A Thermal Hydraulic Analysis To Support Success Criteria (1 page(s), 6/13/2011)	https://www.nrc.gov/docs/ML1117/ML11171A413.pdf
ML11171A414 - Westinghouse AP1000 Design Control Document Rev. 19 - Tier 2 Chapter 19 - Probabilistic Risk Assessment - Appendix 19B Ex-Vessel Severe Accident Phenomena (10 page(s), 6/13/2011)	https://www.nrc.gov/docs/ML1117/ML11171A414.pdf
ML11171A415 - Westinghouse AP1000 Design Control Document Rev. 19 - Tier 2 Chapter 19 - Probabilistic Risk Assessment - Appendix 19C Additional Assessment of AP1000 Design Features (1 page(s), 6/13/2011)	https://www.nrc.gov/docs/ML1117/ML11171A415.pdf
ML11171A416 - Westinghouse AP1000 Design Control Document Rev. 19 - Tier 2 Chapter 19 - Probabilistic Risk Assessment - Appendix 19D Equipment Survivability Assessment (36 page(s), 6/13/2011)	https://www.nrc.gov/docs/ML1117/ML11171A416.pdf
ML11171A417 - Westinghouse AP1000 Design Control Document Rev. 19 - Tier 2 Chapter 19 - Probabilistic Risk Assessment - Appendix 19E Shutdown Evaluation (94 page(s), 6/13/2011)	https://www.nrc.gov/docs/ML1117/ML11171A417.pdf
ML11171A418 - Westinghouse AP1000 Design Control Document Rev. 19 - Tier 2 Chapter 19 - Probabilistic Risk Assessment - Appendix 19F Malevolent Aircraft Impact (5 page(s), 6/13/2011)	https://www.nrc.gov/docs/ML1117/ML11171A418.pdf
ML11171A419 - Westinghouse AP1000 Design Control Document Rev. 19 - Tier 2 Chapter 2 - Table of Contents (2 page(s), 6/13/2011)	https://www.nrc.gov/docs/ML1117/ML11171A419.pdf
ML11171A420 - Westinghouse AP1000 Design Control Document Rev. 19 - Tier 2 Chapter 2 - Site Characteristics (28 page(s), 6/13/2011)	https://www.nrc.gov/docs/ML1117/ML11171A420.pdf
ML11171A422 - Westinghouse AP1000 Design Control Document Rev. 19 - Tier 2 Chapter 3 - Design of Structures, Components, Equip. & Systems - Section 3.10 Seismic and Dynamic Qualification of Seismic Category I Mechanica (8 page(s), 6/13/2011)	https://www.nrc.gov/docs/ML1117/ML11171A422.pdf
ML11171A423 - Westinghouse AP1000 Design Control Document Rev. 19 - Tier 2 Chapter 3 - Design of Structures, Components, Equip. & Systems - Section 3.11 Environmental Qualification of Mechanical and Electrical Equipmen (57 page(s), 6/13/2011)	https://www.nrc.gov/docs/ML1117/ML11171A423.pdf
ML11171A424 - Westinghouse AP1000 Design Control Document Rev. 19 - Tier 2 Chapter 3 - Design of Structures, Components, Equip. & Systems - Section 3.1 Conformance with Nuclear Regulatory Commission General Design Crit (35 page(s), 6/13/2011)	https://www.nrc.gov/docs/ML1117/ML11171A424.pdf
ML11171A425 - Westinghouse AP1000 Design Control Document Rev. 19 - Tier 2 Chapter 3 - Design of Structures, Components, Equip. & Systems - Section 3.2 Classification of Structures, Components, and Systems (94 page(s), 6/13/2011)	https://www.nrc.gov/docs/ML1117/ML11171A425.pdf
ML11171A426 - Westinghouse AP1000 Design Control Document Rev. 19 - Tier 2 Chapter 3 - Design of Structures, Components, Equip. & Systems - Section 3.3 Wind and Tornado Loadings (6 page(s), 6/13/2011)	https://www.nrc.gov/docs/ML1117/ML11171A426.pdf
ML11171A427 - Westinghouse AP1000 Design Control Document Rev. 19 - Tier 2 Chapter 3 - Design of Structures, Components, Equip. & Systems - Section 3.4 Water Level (Flood) Design (28 page(s), 6/13/2011)	https://www.nrc.gov/docs/ML1117/ML11171A427.pdf
ML11171A428 - Westinghouse AP1000 Design Control Document Rev. 19 - Tier 2 Chapter 3 - Design of Structures, Components, Equip. & Systems - Section 3.5 Missile Protection (16 page(s), 6/13/2011)	https://www.nrc.gov/docs/ML1117/ML11171A428.pdf
ML11171A429 - Westinghouse AP1000 Design Control Document Rev. 19 - Tier 2 Chapter 3 - Design of Structures, Components, Equip. & Systems - Section 3.6 Protection Against the Dynamic Effects Associated with the Postula (55 page(s), 6/13/2011)	https://www.nrc.gov/docs/ML1117/ML11171A429.pdf
ML11171A430 - Westinghouse AP1000 Design Control Document Rev. 19 - Tier 2 Chapter 3 - Design of Structures, Components, Equip. & Systems - Section 3.7 Seismic Design (115 page(s), 6/13/2011)	https://www.nrc.gov/docs/ML1117/ML11171A430.pdf
ML11171A431 - Westinghouse AP1000 Design Control Document Rev. 19 - Tier 2 Chapter 3 - Design of Structures, Components, Equip. & Systems - Section 3.8 Design of Category I Structures (192 page(s), 6/13/2011)	https://www.nrc.gov/docs/ML1117/ML11171A431.pdf
ML11171A432 - Westinghouse AP1000 Design Control Document Rev. 19 - Tier 2 Chapter 3 - Design of Structures, Components, Equip. & Systems - Section 3.9 Mechanical Systems and Components (169 page(s), 6/13/2011)	https://www.nrc.gov/docs/ML1117/ML11171A432.pdf
ML11171A433 - Westinghouse AP1000 Design Control Document Rev. 19 - Tier 2 Chapter 3 - Design of Structures, Components, Equip. & Systems – Table of Contents (28 page(s), 6/13/2011)	https://www.nrc.gov/docs/ML1117/ML11171A433.pdf
ML11171A434 - Westinghouse AP1000 Design Control Document Rev. 19 - Tier 2 Chapter 3 - Design of Structures, Components, Equip. & Systems - Appendix 3A HVAC Ducts And Duct Supports (4 page(s), 6/13/2011)	https://www.nrc.gov/docs/ML1117/ML11171A434.pdf
ML11171A435 - Westinghouse AP1000 Design Control Document Rev. 19 - Tier 2 Chapter 3 - Design of Structures, Components, Equip. & Systems - Appendix 3B Leak-Before-Break Evaluation Of The AP1000 Piping (43 page(s), 6/13/2011)	https://www.nrc.gov/docs/ML1117/ML11171A435.pdf
ML11171A436 - Westinghouse AP1000 Design Control Document Rev. 19 - Tier 2 Chapter 3 - Design of Structures, Components, Equip. & Systems - Appendix 3C Reactor Coolant Loop Analysis Methods (5 page(s), 6/13/2011)	https://www.nrc.gov/docs/ML1117/ML11171A436.pdf
ML11171A437 - Westinghouse AP1000 Design Control Document Rev. 19 - Tier 2 Chapter 3 - Design of Structures, Components, Equip. & Systems - Appendix 3D Methodology For Qualifying AP1000 Safety-Related Electrical And M (115 page(s), 6/13/2011)	https://www.nrc.gov/docs/ML1117/ML11171A437.pdf
ML11171A438 - Westinghouse AP1000 Design Control Document Rev. 19 - Tier 2 Chapter 3 - Design of Structures, Components, Equip. & Systems - Appendix 3E High-Energy Piping in The Nuclear Island (11 page(s), 6/13/2011)	https://www.nrc.gov/docs/ML1117/ML11171A438.pdf
ML11171A439 - Westinghouse AP1000 Design Control Document Rev. 19 - Tier 2 Chapter 3 - Design of Structures, Components, Equip. & Systems - Appendix 3F Cable Trays and Cable Tray Supports (3 page(s), 6/13/2011)	https://www.nrc.gov/docs/ML1117/ML11171A439.pdf
ML11171A440 - Westinghouse AP1000 Design Control Document Rev. 19 - Tier 2 Chapter 3 - Design of Structures, Components, Equip. & Systems - Appendix 3G Nuclear Island Seismic Analyses (77 page(s), 6/13/2011)	https://www.nrc.gov/docs/ML1117/ML11171A440.pdf
ML11171A441 - Westinghouse AP1000 Design Control Document Rev. 19 - Tier 2 Chapter 3 - Design of Structures, Components, Equip. & Systems - Appendix 3H Auxiliary and Shield Building Critical Sections (83 page(s), 6/13/2011)	https://www.nrc.gov/docs/ML1117/ML11171A441.pdf
ML11171A442 - Westinghouse AP1000 Design Control Document Rev. 19 - Tier 2 Chapter 3 - Design of Structures, Components, Equip. & Systems - Appendix 3I Evaluation for High Frequency Seismic Input (73 page(s), 6/13/2011)	https://www.nrc.gov/docs/ML1117/ML11171A442.pdf
ML11171A443 - Westinghouse AP1000 Design Control Document Rev. 19 - Tier 2 Chapter 4 – Reactor – Section 4.1 Summary Description (12 page(s), 6/13/2011)	https://www.nrc.gov/docs/ML1117/ML11171A443.pdf
ML11171A444 - Westinghouse AP1000 Design Control Document Rev. 19 - Tier 2 Chapter 4 – Reactor – Section 4.2 Fuel System Design (54 page(s), 6/13/2011)	https://www.nrc.gov/docs/ML1117/ML11171A444.pdf
ML11171A445 - Westinghouse AP1000 Design Control Document Rev. 19 - Tier 2 Chapter 4 – Reactor – Section 4.3 Nuclear Design (89 page(s), 6/13/2011)	https://www.nrc.gov/docs/ML1117/ML11171A445.pdf
ML11171A446 - Westinghouse AP1000 Design Control Document Rev. 19 - Tier 2 Chapter 4 – Reactor – Section 4.4 Thermal and Hydraulic Design (42 page(s), 6/13/2011)	https://www.nrc.gov/docs/ML1117/ML11171A446.pdf
ML11171A447 - Westinghouse AP1000 Design Control Document Rev. 19 - Tier 2 Chapter 4 – Reactor – Section 4.5 Reactor Materials (4 page(s), 6/13/2011)	https://www.nrc.gov/docs/ML1117/ML11171A447.pdf
ML11171A448 - Westinghouse AP1000 Design Control Document Rev. 19 - Tier 2 Chapter 4 – Reactor – Section 4.6 Functional Design of Reactivity Control Systems (4 page(s), 6/13/2011)	https://www.nrc.gov/docs/ML1117/ML11171A448.pdf
ML11171A449 - Westinghouse AP1000 Design Control Document Rev. 19 - Tier 2 Chapter 4 – Reactor – Table of Contents (7 page(s), 6/13/2011)	https://www.nrc.gov/docs/ML1117/ML11171A449.pdf
ML11171A450 - Westinghouse AP1000 Design Control Document Rev. 19 - Tier 2 Chapter 5 – Reactor Coolant System and Connected Systems – Section 5.1 Summary Description (20 page(s), 6/13/2011)	https://www.nrc.gov/docs/ML1117/ML11171A450.pdf
ML11171A451 - Westinghouse AP1000 Design Control Document Rev. 19 - Tier 2 Chapter 5 – Reactor Coolant System and Connected Systems – Section 5.2 Integrity of Reactor Coolant Pressure Boundary (41 page(s), 6/13/2011)	https://www.nrc.gov/docs/ML1117/ML11171A451.pdf
ML11171A453 - Westinghouse AP1000 Design Control Document Rev. 19 - Tier 2 Chapter 5 – Reactor Coolant System and Connected Systems – Section 5.3 Reactor Vessel (40 page(s), 6/13/2011)	https://www.nrc.gov/docs/ML1117/ML11171A453.pdf
ML11171A454 - Westinghouse AP1000 Design Control Document Rev. 19 - Tier 2 Chapter 5 – Reactor Coolant System and Connected Systems – Section 5.4 Component and Subsystem Design (102 page(s), 6/13/2011)	https://www.nrc.gov/docs/ML1117/ML11171A454.pdf
ML11171A455 - Westinghouse AP1000 Design Control Document Rev. 19 - Tier 2 Chapter 5 – Reactor Coolant System and Connected Systems – Table of Contents (7 page(s), 6/13/2011)	https://www.nrc.gov/docs/ML1117/ML11171A455.pdf
ML11171A456 - Westinghouse AP1000 Design Control Document Rev. 19 - Tier 2 Chapter 6 - Engineered Safety Features - Section 6.0 Engineered Safety Features (2 page(s), 6/13/2011)	https://www.nrc.gov/docs/ML1117/ML11171A456.pdf
ML11171A457 - Westinghouse AP1000 Design Control Document Rev. 19 - Tier 2 Chapter 6 – Engineered Safety Features – Section 6.1 Engineered Safety Features Materials (14 page(s), 6/13/2011)	https://www.nrc.gov/docs/ML1117/ML11171A457.pdf
ML11171A458 - Westinghouse AP1000 Design Control Document Rev. 19 - Tier 2 Chapter 6 – Engineered Safety Features – Section 6.2 Containment Systems (143 page(s), 6/13/2011)	https://www.nrc.gov/docs/ML1117/ML11171A458.pdf
ML11171A459 - Westinghouse AP1000 Design Control Document Rev. 19 - Tier 2 Chapter 6 – Engineered Safety Features – Section 6.3 Passive Core Cooling System (73 page(s), 6/13/2011)	https://www.nrc.gov/docs/ML1117/ML11171A459.pdf
ML11171A460 - Westinghouse AP1000 Design Control Document Rev. 19 - Tier 2 Chapter 6 – Engineered Safety Features – Section 6.4 Habitability Systems (22 page(s), 6/13/2011)	https://www.nrc.gov/docs/ML1117/ML11171A460.pdf
ML11171A461 - Westinghouse AP1000 Design Control Document Rev. 19 - Tier 2 Chapter 6 – Engineered Safety Features – Section 6.5 Fission Product Removal and Control Systems (8 page(s), 6/13/2011)	https://www.nrc.gov/docs/ML1117/ML11171A461.pdf
ML11171A462 - Westinghouse AP1000 Design Control Document Rev. 19 - Tier 2 Chapter 6 – Engineered Safety Features – Section 6.6 Inservice Inspection of Class 2 and 3 Components (4 page(s), 6/13/2011)	https://www.nrc.gov/docs/ML1117/ML11171A462.pdf
ML11171A463 - Westinghouse AP1000 Design Control Document Rev. 19 - Tier 2 Chapter 6 – Engineered Safety Features – Table of Contents (8 page(s), 6/13/2011)	https://www.nrc.gov/docs/ML1117/ML11171A463.pdf
ML11171A464 - Westinghouse AP1000 Design Control Document Rev. 19 - Tier 2 Chapter 6 - Engineered Safety Features - Appendix 6A Fission Product Distribution in the Post-DBA Containment Atmosphere (11 page(s), 6/13/2011)	https://www.nrc.gov/docs/ML1117/ML11171A464.pdf
ML11171A465 - Westinghouse AP1000 Design Control Document Rev. 19 - Tier 2 Chapter 7 - Instrumentation and Controls - Section 7.1 Introduction (19 page(s), 6/13/2011)	https://www.nrc.gov/docs/ML1117/ML11171A465.pdf
ML11171A466 - Westinghouse AP1000 Design Control Document Rev. 19 - Tier 2 Chapter 7 - Instrumentation and Controls - Section 7.2 Reactor Trip (47 page(s), 6/13/2011)	https://www.nrc.gov/docs/ML1117/ML11171A466.pdf
ML11171A467 - Westinghouse AP1000 Design Control Document Rev. 19 - Tier 2 Chapter 7 - Instrumentation and Controls - Section 7.3 Engineered Safety Features (42 page(s), 6/13/2011)	https://www.nrc.gov/docs/ML1117/ML11171A467.pdf
ML11171A468 - Westinghouse AP1000 Design Control Document Rev. 19 - Tier 2 Chapter 7 - Instrumentation and Controls - Section 7.4 Systems Required for Safe Shutdown (15 page(s), 6/13/2011)	https://www.nrc.gov/docs/ML1117/ML11171A468.pdf
ML11171A469 - Westinghouse AP1000 Design Control Document Rev. 19 - Tier 2 Chapter 7 - Instrumentation and Controls - Section 7.5 Safety-Related Display Information (38 page(s), 6/13/2011)	https://www.nrc.gov/docs/ML1117/ML11171A469.pdf
ML11171A470 - Westinghouse AP1000 Design Control Document Rev. 19 - Tier 2 Chapter 7 - Instrumentation and Controls - Section 7.6 Interlock Systems Important to Safety (6 page(s), 6/13/2011)	https://www.nrc.gov/docs/ML1117/ML11171A470.pdf
ML11171A471 - Westinghouse AP1000 Design Control Document Rev. 19 - Tier 2 Chapter 7 - Instrumentation and Controls - Section 7.7 Control and Instrumentation Systems (26 page(s), 6/13/2011)	https://www.nrc.gov/docs/ML1117/ML11171A471.pdf
ML11171A472 - Westinghouse AP1000 Design Control Document Rev. 19 - Tier 2 Chapter 7 - Instrumentation and Controls – Table of Contents (5 page(s), 6/13/2011)	https://www.nrc.gov/docs/ML1117/ML11171A472.pdf
ML11171A474 - Westinghouse AP1000 Design Control Document Rev. 19 - Tier 2 Chapter 8 – Electric Power – Section 8.1 Introduction (10 page(s), 6/13/2011)	https://www.nrc.gov/docs/ML1117/ML11171A474.pdf
ML11171A478 - Westinghouse AP1000 Design Control Document Rev. 19 - Tier 2 Chapter 8 – Electric Power – Section 8.2 Offsite Power System (4 page(s), 6/13/2011)	https://www.nrc.gov/docs/ML1117/ML11171A478.pdf
ML11171A483 - Westinghouse AP1000 Design Control Document Rev. 19 - Tier 2 Chapter 8 – Electric Power – Section 8.3 Onsite Power Systems (65 page(s), 6/13/2011)	https://www.nrc.gov/docs/ML1117/ML11171A483.pdf
ML11171A487 - Westinghouse AP1000 Design Control Document Rev. 19 - Tier 2 Chapter 8 – Electric Power –  Table of Contents (3 page(s), 6/13/2011)	https://www.nrc.gov/docs/ML1117/ML11171A487.pdf
ML11171A491 - Westinghouse AP1000 Design Control Document Rev. 19 - Tier 2 Chapter 9 – Auxiliary Systems – Section 9.1 Fuel Storage and Handling (76 page(s), 6/13/2011)	https://www.nrc.gov/docs/ML1117/ML11171A491.pdf
ML11171A493 - Westinghouse AP1000 Design Control Document Rev. 19 - Tier 2 Chapter 9 – Auxiliary Systems – Section 9.2 Water Systems (67 page(s), 6/13/2011)	https://www.nrc.gov/docs/ML1117/ML11171A493.pdf
ML11171A494 - Westinghouse AP1000 Design Control Document Rev. 19 - Tier 2 Chapter 9 – Auxiliary Systems – Section 9.3 Process Auxiliaries (67 page(s), 6/13/2011)	https://www.nrc.gov/docs/ML1117/ML11171A494.pdf
ML11171A495 - Westinghouse AP1000 Design Control Document Rev. 19 - Tier 2 Chapter 9 – Auxiliary Systems – Section 9.4 Air-Conditioning, Heating, Cooling, and Ventilation System (120 page(s), 6/13/2011)	https://www.nrc.gov/docs/ML1117/ML11171A495.pdf
ML11171A497 - Westinghouse AP1000 Design Control Document Rev. 19 - Tier 2 Chapter 9 – Auxiliary Systems – Section 9.5 Other Auxiliary Systems (78 page(s), 6/13/2011)	https://www.nrc.gov/docs/ML1117/ML11171A497.pdf
ML11171A498 - Westinghouse AP1000 Design Control Document Rev. 19 - Tier 2 Chapter 9 – Auxiliary Systems –  Table of Contents (12 page(s), 6/13/2011)	https://www.nrc.gov/docs/ML1117/ML11171A498.pdf
ML11171A499 - Westinghouse AP1000 Design Control Document Rev. 19 - Tier 2 Chapter 9 – Auxiliary Systems – Appendix 9A Fire Protection Analysis (195 page(s), 6/13/2011)	https://www.nrc.gov/docs/ML1117/ML11171A499.pdf
